doctor,hospital,new_price,ori_price,orders,diaries
【全切双眼皮】精细切开双眼皮 大眼无痕 魅眼闪亮,北京杨仁宝医疗美容,12800.0,18800.0,118.0,152.0
【兰州衡力肉毒素】100单位 正品保障！瘦脸无需烦恼！,北京爱悦丽格医疗美容门诊部,680.0,3800.0,2281.0,272.0
【全脸自体脂肪填充】北京世熙 自体脂肪填充全面部塑造完美童颜,北京世熙医疗美容,9800.0,38000.0,697.0,837.0
【伊婉玻尿酸】1ml 面部填充好帮手~,北京悦丽汇三里屯诊所,999.0,6800.0,4609.0,276.0
"【半永久纹绣】孙伟老师亲自操作（丝雾or雾状or根状）眉毛和美瞳线二选一,免费补色一次",孙伟时尚美学半永久化妆中心,5800.0,8800.0,533.0,55.0
【鼻综合】向不完美的鼻子Say ByeBye!,北京金圣整形医疗美容,19500.0,36800.0,179.0,26.0
【鼻翼缩小】写日记最高返现4000元,宮国华医疗美容诊所,3800.0,8000.0,307.0,112.0
【硅胶隆鼻】硅胶假体取出  特价980元,北京利美康岩之畔美容门诊部,980.0,3800.0,33.0,1.0
【鼻综合】【八大处鼻整形科@王欢】全肋软骨鼻综合  初鼻,中国医学科学院整形外科医院,19000.0,45000.0,128.0,24.0
【手术缩鼻翼】名医亲诊 做的好又省钱,北京利美康岩之畔美容门诊部,2800.0,6800.0,187.0,9.0
【隆鼻】线雕鼻小柱 改善鼻头鼻尖，鼻小柱延长“鼻”你美就在一“线”之间！,北京金燕子医疗美容诊所,1980.0,12800.0,342.0,111.0
【鼻部】【鼻综合】特惠硅胶隆鼻 打造日系清新自然风美鼻 不惧揉捏,北京欧兰美（原美伊）医疗美容,4800.0,17800.0,86.0,62.0
【埋线隆鼻】【八大处@胡金天】协和医学博士 独创胡氏布线法 即刻,新氧名医汇,4600.0,4800.0,79.0,5.0
【鼻部修复】北京方舟鼻翼缩小|手术缩小鼻翼|鼻翼整形|鼻部塑形,北京方舟皮肤病医院整形美容中心,1999.0,11800.0,43.0,19.0
【鼻部】假体隆鼻+耳软骨垫鼻尖+鼻头/鼻翼缩小，名医国海军匠心打造混血鼻，威宁假体！,北京知音蕊丽医疗美容门诊部,1800.0,26800.0,114.0,62.0
私人订制 立体精雕 硅胶隆鼻 ,北京世熙医疗美容,12800.0,49800.0,127.0,137.0
【鼻部】【中日友好@薛志强】歪鼻矫正 宽鼻截骨,卫生部中日友好医院整形外科,10000.0,23000.0,107.0,5.0
【鼻部】【鼻综合】特惠线雕隆鼻 打造宛若天生美鼻,北京欧兰美（原美伊）医疗美容,1680.0,8800.0,110.0,0.0
【隆鼻】【中日友好@薛志强】艾丽薇MISKO线雕微创鼻综合,卫生部中日友好医院整形外科,9800.0,12800.0,34.0,24.0
【鼻综合】打造360度上镜小翘鼻(假体隆鼻+耳软骨垫鼻尖+鼻头缩小),北京基础美医疗美容医院,8980.0,21800.0,190.0,225.0
【隆鼻】韩式生科隆鼻,北京斯凯丽雅医疗美容诊所,5800.0,17000.0,22.0,7.0
【鼻部综合】【硅胶+耳软骨】侧脸女神从鼻部开始,北京可思美医疗美容诊所,9999.0,28000.0,9.0,0.0
【隆鼻】MISKO线雕隆鼻！给你俊俏美鼻！,北京爱斯克外科门诊部,12800.0,12800.0,36.0,8.0
【鼻部】【达拉斯鼻综合】院长亲诊 打造宛若天生美鼻 不惧揉捏@孟庆鹏院长,北京欧兰美（原美伊）医疗美容,55840.0,138000.0,91.0,11.0
【膨体隆鼻】【中日友好@薛志强】贵族美猫鼻 鼻基底填充拒绝凹陷,卫生部中日友好医院整形外科,23000.0,27800.0,51.0,13.0
【鼻部】【鼻小综合】高、挺、俏美鼻 写日记最高返现1760元,北京微美医疗美容诊所,2980.0,9800.0,68.0,17.0
【硅胶隆鼻】隆起挺翘美鼻  鼻子高一点，自信多一点——日记返现2000元,北京英煌医疗美容,6800.0,6800.0,50.0,0.0
【自体软骨隆鼻】【假体隆鼻+耳软骨垫鼻尖】 尽现翘鼻之美 赠送术后消肿护理,北京焕誉医疗美容门诊部,5980.0,19600.0,5.0,9.0
【鼻部综合】资深鼻部整形专家 日系清新自然风定制鼻综合 全网免费招募限时进行中,北京俯大医疗美容门诊部,1500.0,5800.0,59.0,8.0
【硅胶隆鼻】【硅胶隆鼻】娇俏立体美鼻你也可拥有,北京凯润婷(原史三八)医疗美容医院,3600.0,6800.0,12.0,0.0
【硅胶隆鼻】韩式生科假体 名师操作  买一送一 返现1380元,聚美仕医疗美容诊所,4800.0,12800.0,20.0,3.0
【埋线隆鼻】（线雕隆鼻）安全 快速 自然 不开刀打造完美翘鼻,北京彤美医美美容门诊部,1980.0,8800.0,22.0,0.0
【硅胶隆鼻】京通威宁假体隆鼻 手感真实 小改变get大气场,北京京通医院整形美容,1980.0,9800.0,9.0,0.0
【手术缩鼻翼】【写日记返现】宽鼻缩窄 鼻翼缩小 告别大鼻头 蒜头鼻 毫厘之间 精雕美鼻 ,北京雅韵医疗美容,6800.0,11800.0,9.0,0.0
【硅胶隆鼻】【硅胶隆鼻】正品保障 韩式生科 发表日记有机会免单,北京薇琳医疗美容医院,4980.0,8900.0,43.0,34.0
【鼻部】【鼻综合】【黄寺整形@邵祯】膨体隆鼻+耳软骨垫鼻尖，公立三甲黄寺主任主刀,新氧名医汇,18000.0,27000.0,69.0,0.0
【自体耳软骨+硅胶隆鼻】还你一个秀丽鼻挺娇俏玲珑的NOSE!,北京天使名源医疗美容诊所,4980.0,9800.0,532.0,13.0
【鼻部】专属打造“翘”“挺”“美”鼻,北京东方瑞丽医疗美容门诊部,16000.0,28000.0,15.0,115.0
【假体隆鼻】韩式隆鼻 自然挺翘，不惧捏揉！,北京莫琳娜医疗整形美容,1980.0,5800.0,68.0,76.0
【膨体隆鼻】【中日友好@薛志强】膨体/硅胶鼻综合    写日记即返2000元！！！,卫生部中日友好医院整形外科,28000.0,50000.0,283.0,113.0
【全面部整形】全切双眼皮+鼻综合+自体脂肪填充全脸  私信即送水氧活肤一次,北京美玉颜整形,19800.0,98800.0,87.0,43.0
【自体软骨隆鼻】王院长亲诊~取自身，用自身，安全无排异，不惧揉捏,北京东方瑞丽医疗美容门诊部,22000.0,38000.0,3.0,16.0
【鼻综合】【北医三院@安阳】综合鼻整形A   硅胶隆鼻+鼻中隔软骨 ,北京大学第三医院整形美容外科（北医三院）,32500.0,54000.0,89.0,87.0
【鼻综合】【北医三院@安阳】综合鼻整形D   膨体隆鼻+鼻中隔软骨 ,北京大学第三医院整形美容外科（北医三院）,35500.0,60000.0,71.0,53.0
【自体耳软骨+硅胶隆鼻】专家亲诊 美鼻优惠 又返现,北京利美康岩之畔美容门诊部,9800.0,28800.0,135.0,43.0
"【鼻部综合】塑造自然美鼻,宫风勇主刀,私信即送体验项目,日记返现",北京美莱医疗美容,15840.0,32400.0,345.0,39.0
【鼻综合】【八大处@刘暾】八大处最优惠~全肋软骨综合隆鼻,新氧名医汇,19400.0,39000.0,44.0,7.0
【埋线隆鼻】鼻部埋线提升，打造立体高挺鼻,新氧云诊所北京水研店（原恒爱店）,4000.0,6800.0,14.0,12.0
【鼻综合】【学生凭证享受特价】1980元起，北医三院3甲名医，整形硕士主刀，日记返全款！,北京龙泽日盛医疗美容,1980.0,9800.0,40.0,53.0
【鼻综合】纯真皮鼻综合或真皮包裹假体鼻综合,北京斯嘉丽医疗美容,19800.0,98000.0,54.0,33.0
【鼻综合】【八大处@解芳】肋软骨鼻综合,中国医学科学院整形外科医院,17500.0,35000.0,49.0,0.0
【鼻部】【鼻综合】【八大处@刘珍君】立体精雕 芭比小翘鼻立体精雕,新氧名医汇,11000.0,24000.0,27.0,0.0
【鼻综合】改变你的发财命，沈玲伟业做兜财富鼻,北京沈玲伟业医疗美容门诊部,10000.0,50000.0,62.0,27.0
【鼻综合】【免费招募模特/限3名】艺人3D立体翘挺鼻综合  悄然变美,宮国华医疗美容诊所,19800.0,59000.0,40.0,65.0
【硅胶隆鼻】北京金燕子生科隆鼻 自然高挺更迷人,北京金燕子医疗美容诊所,5800.0,17800.0,51.0,33.0
【隆鼻】360上镜小翘鼻(假体隆鼻+耳软骨鼻尖+鼻尖缩小+鼻翼缩小),北京基础美医疗美容医院,11999.0,38000.0,34.0,11.0
【鼻综合】【八大处@王克明】宛若天生高挺美鼻，肋软骨隆鼻来帮你,新氧公立医生运营部,32000.0,37000.0,51.0,10.0
【自体耳软骨+硅胶隆鼻】北京基础美假体隆鼻+耳软骨垫鼻尖7800,北京基础美医疗美容医院,7800.0,11800.0,44.0,1.0
【鼻部】硅胶/膨体/鼻综合  量身打造精致小翘鼻 ,唯颜时代医疗美容诊所,2380.0,6600.0,9.0,0.0
【鼻部】【鼻综合】【八大处@王冰清】硅胶鼻综合，发案例即返1000。,中国医学科学院整形外科医院,12980.0,18000.0,29.0,2.0
【硅胶隆鼻】北京焕誉经典假体隆鼻 轻松打造俏丽美鼻! 发日记返1200  赠“术后消肿护理”,北京焕誉医疗美容门诊部,3880.0,8800.0,19.0,19.0
【隆鼻】塑造理想鼻型  改善鼻部形态,北京邱立东医疗美容诊所,1999.0,5800.0,48.0,4.0
【硅胶隆鼻】四维五度精细雕塑真鼻美雕,北京叶美人医疗美容诊所,35800.0,69800.0,33.0,39.0
【鼻综合】生态美鼻女性挺秀之美 男生帝王之相  私信即送水氧活肤一次,北京美玉颜整形,12800.0,38000.0,53.0,49.0
【埋线隆鼻】PTL无痕线调隆鼻 无需开刀 恢复快速 写日记返现30%治疗费！,北京紫洁（俪方）医疗美容诊所,3900.0,12800.0,6.0,0.0
【手术缩鼻头】【写日记高额返现】鼻头缩小术，再不被叫大鼻头,北京知音整形,6800.0,9800.0,1.0,0.0
【手术缩鼻翼】【写日记返现】鼻孔缩小 告别猪猪鼻 打造精致小翘鼻,北京雅韵医疗美容,6800.0,11800.0,1.0,0.0
【自体软骨隆鼻】【写日记高额返现】鼻基底填充术 打造你的贵妇范,北京知音整形,980.0,9800.0,1.0,0.0
【手术延长鼻小柱】【写日记高额返现】短鼻变美鼻，颜值加十分,北京知音整形,980.0,9800.0,7.0,0.0
【手术缩鼻翼】【写日记高额返现】鼻翼缩小术，大肥鼻再也不见,北京知音整形,6800.0,9800.0,6.0,0.0
【鼻部】【写日记高额返现】朝天鼻矫正术，快速甩掉猪鼻子称号,北京知音整形,20800.0,29800.0,8.0,0.0
【鹰钩鼻矫正】【写日记高额fan'xian】鹰钩鼻矫正术，凶狠印象变温柔,北京知音整形,20800.0,29800.0,4.0,0.0
【自体软骨垫鼻尖】【写日记高额返现】自体软骨垫鼻尖，美鼻尖get攻略,北京知音整形,980.0,9800.0,3.0,0.0
【驼峰鼻矫正】【写日记高额返现】驼峰鼻矫正术 明星范的美鼻精雕术,北京知音整形,20800.0,29800.0,3.0,0.0
【鼻部】【写日记高额返现】艺术4D隐形翘鼻综合，观若自生，触似天成,北京知音整形,36800.0,49800.0,8.0,0.0
【自体软骨隆鼻】【写日记高额返现】鼻梁抬高术 拜拜塌鼻子 get立体翘鼻,北京知音整形,980.0,9800.0,2.0,0.0
【自体软骨垫鼻尖】【写日记返现】鼻尖抬高、延长 拒绝肥 平 厚 我的鼻尖我我做主,北京雅韵医疗美容,980.0,8000.0,7.0,0.0
【手术缩鼻头】【写日记返现】鼻头缩小 打造可爱翘鼻 谁说小就不美了,北京雅韵医疗美容,6800.0,11800.0,2.0,0.0
【手术缩鼻翼】【写日记返现】鼻翼缩小 不要大鼻孔 打造可在翘鼻 ,北京雅韵医疗美容,6800.0,11800.0,9.0,0.0
【鼻部修复】【写日记返现】专业鼻修复 雅韵祝你重获新生,北京雅韵医疗美容,35000.0,68000.0,10.0,0.0
【驼峰鼻矫正】【写日记返现】告别驼峰鼻 定制专属完美鼻型,北京雅韵医疗美容,20800.0,48000.0,5.0,0.0
【膨体隆鼻】【写日记返现】鼻基底抬高 打造开运富贵鼻,北京雅韵医疗美容,980.0,8000.0,6.0,0.0
【长鼻矫正】【写日记返现】朝天鼻矫正 告别猪鼻子 定制专属你的美鼻,北京雅韵医疗美容,20800.0,48000.0,1.0,0.0
【鼻部综合】【写日记返现】翘鼻整形 拯救你的塌鼻子 拒绝短、塌、斜、下垂,北京雅韵医疗美容,36800.0,69800.0,55.0,0.0
【鹰钩鼻矫正】【写日记返现】改善鹰钩鼻 俏丽美鼻 个性定制独特美,北京雅韵医疗美容,20800.0,48000.0,2.0,0.0
【手术延长鼻小柱】【写日记返现】鼻小柱拯救计划 缩短、延长 个性定制立体美鼻,北京雅韵医疗美容,980.0,11800.0,4.0,0.0
【硅胶隆鼻】【师生季】合资硅胶假体隆鼻特惠1300，打造完美小翘鼻,北京伊美尔幸福医疗美容医院,1300.0,3600.0,0.0,0.0
【硅胶隆鼻】【师生季】合资硅胶假体隆鼻特惠1300，打造完美小翘鼻,北京伊美尔医疗美容医院,1300.0,3600.0,0.0,0.0
【硅胶隆鼻】精雕假体隆鼻，特惠来袭，伊美尔品质保障,北京伊美尔幸福医疗美容医院,1800.0,3600.0,10.0,0.0
【假体隆鼻】【假体隆鼻】艳冠假体 立体自然 手感柔软 无惧揉捏  ,北京薇琳医疗美容医院,2580.0,4800.0,36.0,0.0
【硅胶隆鼻】高端合资假体隆鼻 无惧揉捏 俊俏立挺,北京伊美尔医疗美容医院,1800.0,3600.0,3.0,0.0
【硅胶隆鼻】私人订制假体or耳软骨隆鼻 告别矮塌鼻 让鼻子更加挺翘,北京方舟皮肤病医院整形美容中心,6800.0,29800.0,0.0,0.0
【鼻部】失败从此不可怕，鼻注射物取出术，帮你重拾信心,北京亚楠容悦医疗美容诊所,6800.0,8800.0,0.0,0.0
【鼻部】失败从此不可怕，鼻膨体取出术，帮你重拾信心,北京亚楠容悦医疗美容诊所,5800.0,7800.0,0.0,0.0
【鼻部】失败从此不可怕，鼻硅胶取出术，帮你重拾信心,北京亚楠容悦医疗美容诊所,3800.0,4800.0,0.0,0.0
【鼻部】【全肋鼻综合】全面改善鼻部形态，打造娇俏美鼻,北京亚楠容悦医疗美容诊所,68800.0,88800.0,0.0,0.0
【鼻部】【半肋鼻综合】全面改善鼻部形态，打造娇俏美鼻,北京亚楠容悦医疗美容诊所,48800.0,68800.0,0.0,0.0
【驼峰鼻矫正】矫正III度驼峰鼻，改善鼻部形态,北京亚楠容悦医疗美容诊所,19800.0,25800.0,0.0,0.0
【驼峰鼻矫正】矫正II度驼峰鼻，改善鼻部形态,北京亚楠容悦医疗美容诊所,15800.0,19800.0,0.0,0.0
【驼峰鼻矫正】矫正I度驼峰鼻，改善鼻部形态,北京亚楠容悦医疗美容诊所,5800.0,8800.0,0.0,0.0
【鹰钩鼻矫正】矫正鹰钩鼻，改善鼻部形态,北京亚楠容悦医疗美容诊所,13800.0,15800.0,0.0,0.0
【手术缩鼻翼】【鼻翼缩窄】缩窄宽大鼻翼，打造精致美鼻,北京亚楠容悦医疗美容诊所,7800.0,9800.0,0.0,0.0
【宽鼻矫正】【宽鼻缩窄】缩窄宽大鼻梁，让你的鼻子更精致,北京亚楠容悦医疗美容诊所,15800.0,19800.0,0.0,0.0
【自体软骨垫鼻尖】【耳软骨鼻尖】自体耳软骨垫鼻尖，精致鼻尖美丽重现,北京亚楠容悦医疗美容诊所,7800.0,8800.0,0.0,0.0
【膨体隆鼻】【进口高泰克斯膨体】雕刻细腻 稳固贴合 鼻部轮廓更立体感,北京亚楠容悦医疗美容诊所,22800.0,25800.0,0.0,0.0
【膨体隆鼻】【合资立秀膨体】雕刻细腻 稳固贴合 鼻部轮廓更立体感,北京亚楠容悦医疗美容诊所,16800.0,19800.0,0.0,0.0
【硅胶隆鼻】【进口韩式生科硅胶】雕刻细腻 稳固贴合 鼻部轮廓更立体感,北京亚楠容悦医疗美容诊所,9800.0,15800.0,0.0,0.0
【硅胶隆鼻】【合资万和硅胶】雕刻细腻 稳固贴合 鼻部轮廓更立体感,北京亚楠容悦医疗美容诊所,7800.0,9800.0,0.0,0.0
【硅胶隆鼻】【限时特价康宁硅胶】雕刻细腻 稳固贴合 鼻部轮廓更立体感,北京亚楠容悦医疗美容诊所,3200.0,6800.0,0.0,0.0
【鼻部】4D隆鼻 轻松立体五官 塑中国人美 造东方魅力,北京诺俪医疗美容诊所,9800.0,18000.0,100.0,0.0
【鼻部】【鼻综合】【北医三院@安阳】综合鼻整形A   硅胶隆鼻+鼻中隔软骨 ,北京诺俪医疗美容诊所,32500.0,54000.0,11.0,0.0
【鼻部】【鼻综合】【北医三院@安阳】 综合鼻整形C   膨体隆鼻+自体耳软骨 ,北京诺俪医疗美容诊所,21000.0,33000.0,15.0,0.0
【鼻部】【鼻综合】【北医三院@安阳】综合鼻整形F  硅胶隆鼻+肋软骨  ,北京诺俪医疗美容诊所,35500.0,66000.0,15.0,0.0
【鼻部】【鼻综合】【北医三院@安阳】综合鼻整形D   膨体隆鼻+鼻中隔软骨 ,北京诺俪医疗美容诊所,35500.0,60000.0,9.0,0.0
【鼻部】【鼻综合】【北医三院@安阳】综合鼻整形G  膨体隆鼻+肋软骨 ,北京诺俪医疗美容诊所,39500.0,72000.0,54.0,0.0
【膨体隆鼻】【北医三院@安阳】单纯隆鼻,北京诺俪医疗美容诊所,7000.0,13000.0,26.0,0.0
【鼻部】【鼻综合】【北医三院@安阳】综合鼻整形E  肋软骨隆鼻 ,北京诺俪医疗美容诊所,42000.0,76000.0,16.0,0.0
【手术缩鼻翼】【北医三院@安阳】鼻翼缩小,北京诺俪医疗美容诊所,7000.0,9000.0,28.0,0.0
【鼻部】【鼻综合】【北医三院@安阳】综合鼻整形D 膨体隆鼻+鼻中隔软骨 +全脸脂肪填充,北京诺俪医疗美容诊所,55300.0,76000.0,17.0,0.0
【鼻部】【鼻综合】【北医三院@安阳】 综合鼻整形B   自体耳软骨+硅胶隆鼻,北京诺俪医疗美容诊所,17500.0,27000.0,11.0,0.0
【鼻部】【鼻综合】【北医三院@安阳】综合鼻整形H ,北京诺俪医疗美容诊所,29800.0,46000.0,32.0,0.0
【鼻部】【鼻综合】【北医三院@安阳】综合鼻整形I,北京诺俪医疗美容诊所,32000.0,52000.0,10.0,0.0
【膨体隆鼻】【北医三院@安阳】膨体隆鼻,北京诺俪医疗美容诊所,10000.0,19000.0,37.0,0.0
【鼻部】【鼻综合】【北医三院@安阳】肋软骨隆鼻+全面部脂肪填充，打造混血女神,北京诺俪医疗美容诊所,61800.0,81000.0,14.0,0.0
【鼻综合】【北医三院@安阳】综合鼻整形F  硅胶隆鼻+肋软骨  ,北京大学第三医院整形美容外科（北医三院）,35500.0,66000.0,25.0,34.0
【鼻部】【鼻综合整形】Yestar艺星明星院长王英勇亲诊，塑美鼻综合整形，火爆开抢！,北京艺星医疗美容医院,3680.0,9800.0,0.0,0.0
【膨体隆鼻】【北京黄寺@杜太超】中国好鼻子 杜太超专家团队打造,北京美丽有约医疗美容,27000.0,30000.0,458.0,421.0
【鼻综合】【北医三院@安阳】综合鼻整形E  肋软骨隆鼻 ,北京大学第三医院整形美容外科（北医三院）,42000.0,76000.0,52.0,16.0
【硅胶隆鼻】假体隆鼻 告别塌塌鼻 高挺美鼻 提升气质,北京南加整形,3200.0,8800.0,4.0,35.0
【鼻部】私人定制鼻综合东方混血儿欧式隆鼻术写日记返现还送韩国小气泡,北京卓艺医疗美容诊所,32800.0,48000.0,5.0,0.0
【隆鼻】【恒生6GR线雕隆鼻】 非手术成就高“鼻”格！,北京丽港医疗美容诊所,5800.0,13800.0,9.0,1.0
【鼻部】免费招募模特（限3名）艺人4D翘挺鼻综合，秀出完美侧颜,北京京民医院,4800.0,6800.0,30.0,15.0
【硅胶隆鼻】著名专家宫风勇主刀，私信留电送体验项目，日记返现2000元,北京美莱医疗美容,4800.0,6800.0,27.0,0.0
【鼻部综合】达拉斯全肋软骨综合隆鼻，刘金华院长主刀，私信即送体验项目，日记返现2000元,北京美莱医疗美容,58000.0,78000.0,51.0,0.0
【驼峰鼻矫正】【歪鼻矫正+截骨】还你完美鼻型 新美丽邦@崔鹏,北京新美丽邦医疗美容诊所,9000.0,23000.0,51.0,0.0
【膨体隆鼻】【膨体隆鼻】鼻基底填充  拒绝凹陷 新美丽邦@崔鹏,北京新美丽邦医疗美容诊所,20800.0,27800.0,36.0,0.0
【鼻部】【鼻综合】硅胶鼻综合 塑造自然美鼻 新美丽邦@崔鹏,北京新美丽邦医疗美容诊所,18000.0,28000.0,43.0,0.0
【硅胶隆鼻】【师生季】打造小翘鼻，合资假体隆鼻+耳软骨隆鼻尖,北京伊美尔医疗美容医院,9380.0,13400.0,0.0,0.0
【鼻翼缩小】拒绝大鼻翼 塑造协调鼻部！切口隐蔽 悄悄变美鼻！,北京爱斯克外科门诊部,5800.0,8800.0,10.0,2.0
【硅胶隆鼻】【师生季】打造小翘鼻，合资假体隆鼻+耳软骨隆鼻尖,北京伊美尔幸福医疗美容医院,9380.0,13400.0,0.0,0.0
【鼻综合】【北医三院@安阳】综合鼻整形D 膨体隆鼻+鼻中隔软骨 +全脸字体脂肪填充,北京大学第三医院整形美容外科（北医三院）,55300.0,76000.0,42.0,0.0
【硅胶隆鼻】7周年庆典大力度，（合资威宁硅胶）隆鼻优惠价格1680！,北京亚馨美莱坞（原北京张海明整形美容门诊部）,1680.0,5800.0,33.0,2.0
【鼻部】【鼻综合】肋软骨综合鼻整形 新美丽邦@崔鹏,北京新美丽邦医疗美容诊所,38000.0,84000.0,42.0,0.0
【鼻部】【线雕微创隆鼻】提升鼻部曲线 塑造高挺五官 新美丽邦@崔鹏,北京新美丽邦医疗美容诊所,8800.0,12800.0,74.0,0.0
【硅胶隆鼻】院长亲诊，精雕美鼻,北京和谐美丽汇医疗美容诊所,6800.0,99000.0,2.0,0.0
【硅胶隆鼻】韩式小翘鼻 俏鼻一挺 气质立现 你本来就该很美！,北京欧扬医疗美容门诊部,4980.0,15800.0,53.0,0.0
【鼻部】无痕，隐秘小切口，正规材质，艺术精雕,北京丽星整形,9800.0,17600.0,9.0,12.0
【硅胶隆鼻】享高额返现！康宁假体隆鼻，勾勒最美鼻型,北京悦芳亚医疗美容门诊部,3000.0,5800.0,5.0,0.0
【硅胶隆鼻】享高额返现！韩式生科三段式假体隆鼻 打造网红气质美鼻,北京悦芳亚医疗美容门诊部,4000.0,11800.0,44.0,0.0
【鼻综合】享高额返现！采用进口鼻材 综合打造俏丽美鼻,北京悦芳亚医疗美容门诊部,10000.0,34800.0,48.0,0.0
【鼻综合】享高额返现！私人定制综合美鼻 彰显女王气质,北京悦芳亚医疗美容门诊部,8900.0,18800.0,50.0,0.0
【鼻综合】享高额返现！精致综合隆鼻  纵享浑然天成的美丽,北京悦芳亚医疗美容门诊部,10000.0,34800.0,34.0,0.0
【埋线隆鼻】不开刀 非手术解决鼻综合问题，提翘鼻尖，挺拔山根,北京丽星整形,3699.0,18000.0,6.0,0.0
【硅胶隆鼻】【硅胶隆鼻】无痕，隐秘小切口，正规材质，艺术精雕,北京丽星整形,4800.0,8800.0,5.0,6.0
【鼻部】【硅胶假体取出】北医三院3甲名医，整形硕士主刀，【限时特惠】1580元,北京龙泽日盛医疗美容,1580.0,3600.0,0.0,0.0
【鼻部】真皮隆鼻或真皮包裹假体隆鼻打版模特9800元,北京斯嘉丽医疗美容,9800.0,98000.0,0.0,0.0
【鼻部】纯真皮鼻综合或真皮包裹假体鼻综合,北京斯嘉丽医疗美容,98000.0,198000.0,0.0,0.0
【鼻翼缩小】【北京鼻翼缩小】省钱又省心【首次体验】,北京长虹医疗美容医院,12800.0,15800.0,38.0,0.0
【硅胶隆鼻】【进口硅胶隆鼻,北京长虹医疗美容医院,9800.0,12800.0,42.0,0.0
【硅胶隆鼻】（国产）硅胶假体隆鼻,北京长虹医疗美容医院,3800.0,5800.0,62.0,0.0
【自体耳软骨+硅胶隆鼻】打造完美鼻部曲线 院长亲自手术 秒变侧颜女神,北京雅靓医疗美容诊所,5800.0,29800.0,66.0,12.0
【硅胶隆鼻】（假体隆鼻） 打造韩星自然美鼻 不当路人女生 逆袭美鼻女神,北京彤美医美美容门诊部,3800.0,9800.0,9.0,0.0
【硅胶隆鼻】【十六周年特惠】【假体隆鼻】当代网红混血小翘鼻,北京当代医疗美容门诊部,3800.0,6800.0,8.0,5.0
【鼻综合】【十六周年特惠】雕刻鼻部完美比例【写日记返现金】,北京当代医疗美容门诊部,19800.0,68000.0,48.0,0.0
【鼻综合】金字塔力学隆鼻   鼻型自然不惧揉捏,北京柏丽医疗美容门诊部,48000.0,78000.0,21.0,29.0
【硅胶隆鼻】【八大处@刘暾】硅胶假体鼻综合,新氧名医汇,16000.0,17800.0,97.0,27.0
【埋线隆鼻】4D hlx活力线雕隆鼻 非手术隆鼻 不止挺拔 ,北京金燕子医疗美容诊所,3800.0,8800.0,0.0,0.0
【鼻部修复】【北京黄寺@杜太超】 公立整形三甲主任，重塑鼻型，还你完美鼻子,北京美丽有约医疗美容,50000.0,80000.0,103.0,0.0
【硅胶隆鼻】硅胶隆鼻 假体隆鼻鼻部整形 隆鼻手术,北京伟力嘉美信医疗美容门诊部,1999.0,12800.0,45.0,39.0
【鼻部】鼻整形权威专家罗汇东 专注鼻整形三十载 个性化定制美鼻 崇尚形态自然触摸真实,北京丹熙晶都诊所,66800.0,72000.0,14.0,0.0
【鼻部】进口鼻假体+耳软骨+鼻小柱延长+鼻翼鼻头缩小+鼻中隔 极致美鼻一步到位,北京紫洁（俪方）医疗美容诊所,17800.0,29800.0,1.0,0.0
【硅胶隆鼻】假体隆鼻+自体耳软骨垫鼻尖 发日记最高返现2000元,北京紫洁（俪方）医疗美容诊所,6800.0,28000.0,57.0,0.0
【硅胶隆鼻】康宁假体隆鼻 高挺自然 性感小翘鼻 写日记最高返现2000元,北京紫洁（俪方）医疗美容诊所,2980.0,7800.0,37.0,2.0
【自体耳软骨+硅胶隆鼻】让鼻子挺起来 五官更精致,北京昕颜医疗美容诊所,6800.0,19800.0,31.0,0.0
【硅胶隆鼻】拥有高挺美鼻  清新自然 优惠进行中,北京昕颜医疗美容诊所,4300.0,12800.0,43.0,0.0
【鼻部】假体隆鼻+耳软骨垫鼻尖+鼻翼缩小,北京昕颜医疗美容诊所,12800.0,29800.0,0.0,0.0
【埋线隆鼻】线雕隆鼻 20分钟塑造完美俏鼻,北京昕颜医疗美容诊所,3800.0,6800.0,0.0,0.0
【自体软骨垫鼻尖】打造高挺鼻尖  自然美鼻 ,北京昕颜医疗美容诊所,4800.0,13800.0,0.0,0.0
【鼻部综合】自体耳软骨垫鼻尖+膨体隆鼻，打造完美小翘鼻案例征集中！,北京京都时尚医疗美容诊所,12800.0,37800.0,11.0,10.0
【鼻部】【八大处@齐越】【鼻综合】打造韩式立体小翘鼻,中国医学科学院整形外科医院,4999.0,12000.0,29.0,0.0
【鼻综合】【原八大处张海明主任】@鼻综合，千万鼻型任你选！私人定制专属你的气质美鼻！,北京亚馨美莱坞（原北京张海明整形美容门诊部）,32800.0,48000.0,79.0,86.0
【鼻部】鼻修复大师罗汇东 专注鼻整形30余年 隆鼻失败修复终点站 口碑名医 经验丰富,北京丹熙晶都诊所,72000.0,78000.0,5.0,0.0
【鼻部】罗汇东鼻整形技术传承人 十年磨一剑 打造立体美鼻 手术效果保障 终身售后服务,北京丹熙晶都诊所,19800.0,29800.0,7.0,0.0
【鼻综合】【八大处@刘暾】八大处最优惠~耳软骨综合,新氧名医汇,15000.0,25000.0,58.0,0.0
【硅胶隆鼻】进口假体隆鼻4800 案例返1000 于德印院长主刀 ,北京三仁医疗美容门诊部,4800.0,28000.0,9.0,3.0
【鼻部】【八大处@刘剑锋】任选2项目，整形专家，打造完美鼻样,中国医学科学院整形外科医院,8000.0,40000.0,0.0,0.0
【鼻部】免费招募模特（限3名）鼻基底填充术 告别凹陷老态 填出饱满富贵相,北京京民医院,980.0,2480.0,3.0,0.0
【鼻部修复】无痛注射物、假体取出 重塑完美鼻型,北京柏丽医疗美容门诊部,58000.0,80000.0,7.0,24.0
【鼻部】SMART鼻综合，耳软骨+假体，超值手术类项目，写日记获双重返现,北京俪美汇医疗美容门诊部,6800.0,18800.0,86.0,3.0
【鼻部】（鼻综合）立体自然挺翘 假体隆鼻+耳软骨鼻尖+鼻头缩小8800元 写日记返现,北京彤美医美美容门诊部,8800.0,19800.0,18.0,0.0
【鼻部】（鼻综合） 立体 自然 挺翘明星鼻  假体隆鼻+耳软骨鼻尖延长5800写日记返现,北京彤美医美美容门诊部,5800.0,15800.0,16.0,0.0
【硅胶隆鼻】免费招募模特（限3名）鼻梁抬高术 观若自生  触似天成,北京京民医院,980.0,2480.0,4.0,0.0
【鼻部综合】综合整形|鼻头缩小|硅胶隆鼻|鼻翼缩小|美俏鼻部整形,北京金燕子医疗美容诊所,13999.0,32000.0,21.0,29.0
【耳软骨鼻尖】鼻部整形-耳软骨隆鼻尖,北京金燕子医疗美容诊所,6600.0,12000.0,13.0,3.0
【鼻部修复】鼻头缩小手术 缩小鼻头 美鼻打造术,北京金燕子医疗美容诊所,6800.0,12800.0,47.0,0.0
【埋线隆鼻】害怕手术又想要挺翘美鼻的绝佳方案，院长亲自操作，日记双重返现,北京俪美汇医疗美容门诊部,3980.0,9800.0,8.0,0.0
【鼻部】韩国进口假体隆鼻，专属定制，即现立体面庞，日记双重好礼返现+赠送4D无针水光,北京俪美汇医疗美容门诊部,4800.0,16800.0,6.0,0.0
【鼻综合】贵族美猫鼻，膨体隆鼻+（自体耳软骨垫鼻尖/鼻翼/鼻孔缩小）,北京京都时尚医疗美容诊所,18800.0,59800.0,7.0,0.0
【耳软骨鼻尖】塑造挺秀之美 高亚东院长  私信即送水氧活肤一次,北京美玉颜整形,3800.0,8800.0,29.0,2.0
【硅胶隆鼻】俊俏的鼻尖 笔挺的鼻梁 甚是好看  私信即送水氧活肤一次,北京美玉颜整形,3999.0,9800.0,70.0,26.0
【手术延长鼻小柱】免费招募模特（限3名）鼻小柱延长术 线雕鼻小柱  成就美鼻曲线,北京京民医院,4800.0,9800.0,8.0,0.0
【手术缩鼻翼】免费招募模特（限3名）鼻翼缩小术 告别呆萌“肥鼻翼”,北京京民医院,6800.0,12800.0,2.0,1.0
【手术缩鼻头】免费招募模特（限3名）鼻头缩小术 改变肥大鼻头 精雕立体美鼻,北京京民医院,6800.0,12800.0,4.0,0.0
【自体耳软骨+硅胶隆鼻】北京杨仁宝 鼻综合,北京杨仁宝医疗美容,25800.0,52800.0,20.0,6.0
【假体隆鼻】杨仁宝医疗美容进口硅胶隆鼻部术,北京杨仁宝医疗美容,20500.0,21800.0,17.0,6.0
【鼻综合】北京杨仁宝 鼻综合,北京杨仁宝医疗美容,42500.0,69000.0,21.0,4.0
【自体耳软骨+膨体隆鼻】北京杨仁宝 鼻综合,北京杨仁宝医疗美容,62500.0,105600.0,44.0,2.0
【隆鼻】北京基础美缩小鼻头5980元,北京基础美医疗美容医院,5980.0,11960.0,34.0,0.0
【鼻综合】线雕鼻综合（鼻头、鼻背抬高）8800元,北京基础美医疗美容医院,8800.0,17680.0,42.0,0.0
【其他】基础美线雕鼻小柱1980元,北京基础美医疗美容医院,1980.0,5940.0,46.0,0.0
【隆鼻】线雕隆鼻,北京京美医疗美容诊所,12800.0,19800.0,0.0,0.0
【膨体隆鼻】特色膨体取出   干净取出不伤害组织  ,北京柏丽医疗美容门诊部,9800.0,12800.0,33.0,0.0
【硅胶隆鼻】【小鼻综合@北京航天总院郭伟】面部一枝花，全靠鼻当家,新氧公立医生运营部,8999.0,12000.0,10.0,17.0
【硅胶隆鼻】重塑天生气质美鼻，美学设计 线条流畅 不怕揉捏 写日记返现500~1000元,北京延世医疗美容诊所,11520.0,12800.0,17.0,9.0
【自体软骨垫鼻尖】耳软骨垫鼻尖  自体材料不排异 手感真实自然 写日记返现500~1000元,北京延世医疗美容诊所,8820.0,9800.0,10.0,6.0
【硅胶隆鼻】方舟韩式生科隆鼻|隆鼻梁|鼻子塑形,北京方舟皮肤病医院整形美容中心,4800.0,18000.0,44.0,0.0
【膨体隆鼻】【个性定制小翘鼻】【发日记返现300元】,北京惠平霖医疗美容诊所,2999.0,8980.0,2.0,0.0
【鼻部】【鼻综合】【八大处@王冰清】全肋软骨鼻综合，发案例即返1000。,中国医学科学院整形外科医院,13580.0,21000.0,22.0,0.0
【硅胶隆鼻】【硅胶隆鼻】娇俏立体美鼻你也可拥有,北京凯润婷(原史三八)医疗美容医院,9600.0,14800.0,0.0,0.0
【埋线隆鼻】【线雕隆鼻】鼻头必备鼻小柱全方位塑形隆鼻,北京凯润婷(原史三八)医疗美容医院,880.0,1600.0,7.0,0.0
【鼻综合】 私人定制、匠心精琢,北京美奥整形美容机构,68000.0,96000.0,42.0,0.0
【鼻部】歪鼻矫正,北京火箭军总医院整形外科,18000.0,30000.0,38.0,0.0
【鼻翼缩小】❀鼻翼缩小❀ 蜕变 • 从塑造自己开始,北京英煌医疗美容,8800.0,16800.0,47.0,0.0
【鼻部综合】【耳软骨+鼻头塑形+进口硅胶假体】360度无死角 打造自然精致小翘鼻,北京韩啸医疗美容门诊部,18800.0,38000.0,0.0,0.0
【硅胶隆鼻】北京丽港医疗----4D立体塑造翘挺美鼻 手感逼真宛若天生,北京丽港医疗美容诊所,3960.0,8800.0,46.0,0.0
【手术缩鼻头】鼻头缩小 特价2800元,北京利美康岩之畔美容门诊部,2800.0,8800.0,48.0,0.0
【隆鼻】膨体假体取出 特价1580,北京利美康岩之畔美容门诊部,1580.0,5800.0,52.0,0.0
【膨体隆鼻】【进口膨体隆鼻】量身定制，让你拥有高鼻梁,北京英煌医疗美容,28000.0,28000.0,54.0,0.0
【鼻综合】四维金三角立体隆鼻 ，订制气质美鼻 不止高一点,北京英煌医疗美容,98000.0,98000.0,12.0,3.0
【鼻部修复】英煌隆鼻失败修复，让您的美丽更加精彩,北京英煌医疗美容,128000.0,128000.0,42.0,0.0
【硅胶隆鼻】康宁假体！全返现！包吃住行！安大大原军区医院专家主刀！,嘉和百旺（北京）医疗美容门诊部,6600.0,7800.0,43.0,0.0
【自体耳软骨+硅胶隆鼻】韩式生科假体！全返现！包吃住行！安大大原军区医院专家主刀！,嘉和百旺（北京）医疗美容门诊部,11800.0,19800.0,56.0,0.0
【鼻综合】进口膨体必特峰！全返现！包吃住行！安大大原军区医院专家主刀！,嘉和百旺（北京）医疗美容门诊部,102000.0,128000.0,40.0,0.0
【假体隆鼻】【北医三院@安阳】单纯隆鼻,北京大学第三医院整形美容外科（北医三院）,7000.0,13000.0,31.0,13.0
【硅胶隆鼻】【假体隆鼻】自然弧度，宛如天生,北京叶美人医疗美容诊所,3800.0,6800.0,56.0,8.0
【宽鼻矫正】宽鼻矫正 上市品牌 效果保证,北京利美康岩之畔美容门诊部,8800.0,16800.0,52.0,0.0
【鼻综合】【鼻综合C套餐】硅胶鼻背+中隔软骨抬高鼻尖延长鼻小柱耳软骨修饰鼻尖,北京火箭军总医院整形外科,29800.0,45000.0,8.0,0.0
【鼻综合】【鼻综合B套餐】硅胶鼻背+肋软骨鼻尖鼻小柱,北京火箭军总医院整形外科,26800.0,40000.0,3.0,0.0
【鼻综合】【鼻综合A套餐】硅胶鼻背+耳软骨鼻尖鼻小柱,北京火箭军总医院整形外科,16800.0,30000.0,7.0,0.0
【硅胶隆鼻】北京精艺吉美 国产假体隆鼻特惠来袭,北京精艺吉美医疗美容,1999.0,5800.0,48.0,0.0
【硅胶隆鼻】威宁假体隆鼻 挺翘美鼻隆出来 面部五官更精致,北京同林堂医疗美容,3200.0,5600.0,1.0,15.0
【自体软骨隆鼻】【20年整形名医王绍国】 自体筋膜全鼻美化 打造真实自然美鼻,北京爱多邦医疗美容诊所,28000.0,35000.0,0.0,0.0
【鼻部】【鼻综合】【航天总医院@郭伟】超3D线条-犹如天生,新氧公立医生运营部,16800.0,28000.0,0.0,0.0
【鼻部】【鼻综合+假体下巴】【航天总医院@公立医生郭伟】女神套餐-自然天成,新氧公立医生运营部,15800.0,22000.0,0.0,6.0
【手术缩鼻翼】新氧名医机构-冯主任亲诊【鼻翼缩小】，写日记返现高达3000元,北京沃尔刘彦军医疗美容诊所,23800.0,26800.0,6.0,0.0
【鼻部综合】【自体耳软骨+硅胶隆鼻】曲线雕刻，塑造自然和谐生态美鼻,北京可思美医疗美容诊所,11999.0,58000.0,8.0,0.0
【鼻部综合】自然生态美鼻全包价,北京可思美医疗美容诊所,59800.0,128000.0,4.0,0.0
【自体软骨隆鼻】新氧名医机构-冯主任亲诊【肋软骨KL鼻基底填充】，写日记返现高达3000元,北京沃尔刘彦军医疗美容诊所,28000.0,28000.0,6.0,0.0
【自体软骨隆鼻】新氧名医机构-冯主任亲诊【肋软骨鼻综合】，写日记返现高达3000元,北京沃尔刘彦军医疗美容诊所,62800.0,62800.0,7.0,13.0
【自体软骨隆鼻】新氧名医机构-冯主任亲诊【肋软骨短鼻延长】，写日记返现高达3000元,北京沃尔刘彦军医疗美容诊所,23800.0,23800.0,2.0,0.0
【自体软骨隆鼻】新氧名医机构-冯主任亲诊【鼻小柱上唇夹角矫正】，写日记返现高达3000元,北京沃尔刘彦军医疗美容诊所,18000.0,18000.0,1.0,0.0
【鼻部修复】新氧名医机构-刘彦军院长亲诊【单次鼻修复】，写日记返现高达3000元,北京沃尔刘彦军医疗美容诊所,100000.0,120000.0,4.0,5.0
【鼻部综合】新氧名医机构-刘彦军院长亲诊【肋软骨鼻综合】，写日记返现高达3000元,北京沃尔刘彦军医疗美容诊所,80000.0,100000.0,7.0,0.0
【自体软骨隆鼻】新氧名医机构-冯主任亲诊【肋软骨鼻尖成形】，写日记返现高达3000元,北京沃尔刘彦军医疗美容诊所,32800.0,32800.0,5.0,22.0
【鼻综合】【隆鼻@吕晓杰】写日记返现1000元,清华大学玉泉医院,18800.0,50800.0,58.0,0.0
【硅胶隆鼻】进口韩式生科鼻假体，安全，放心，手感，值得的选择~,北京东方瑞丽医疗美容门诊部,6800.0,12800.0,0.0,0.0
【自体软骨隆鼻】沃尔@赵丹【鼻小柱上唇夹角矫正】面中部年轻一体化，勾勒完美轮廓,北京沃尔刘彦军医疗美容诊所,11000.0,11000.0,0.0,0.0
【鼻部综合】【20年整形名医王绍国】   私人订制的翘挺美鼻,北京爱多邦医疗美容诊所,68000.0,88000.0,0.0,5.0
【自体软骨垫鼻尖】沃尔@赵丹-V•LS鼻尖结构调整法，效果自然真实•鼻挺•可捏•可揉•打造靓丽鼻部,北京沃尔刘彦军医疗美容诊所,17800.0,17800.0,0.0,0.0
【硅胶隆鼻】鼻基底整形 打造富贵 小翘鼻,北京利美康岩之畔美容门诊部,9800.0,12800.0,5.0,0.0
【手术缩鼻翼】外切缩鼻翼,北京火箭军总医院整形外科,6000.0,9800.0,79.0,0.0
【手术延长鼻小柱】线雕鼻小柱 完美小翘鼻,北京利美康岩之畔美容门诊部,2800.0,8800.0,4.0,0.0
【隆鼻】国产硅胶（威宁）仅需6800元！,北京海医悦美医疗美容门诊部（原海军总医院）,6800.0,15800.0,50.0,0.0
【鼻部】【开学套餐】耳软骨鼻综合+自体脂肪全面部填充,北京火箭军总医院整形外科,18500.0,45000.0,63.0,0.0
【宽鼻矫正】宽鼻截骨,北京火箭军总医院整形外科,13000.0,30000.0,32.0,0.0
【鼻部】【火箭军@刘莹】耳软骨鼻综合,北京火箭军总医院整形外科,9800.0,30000.0,73.0,0.0
【驼峰鼻矫正】严重驼峰鼻矫正,北京火箭军总医院整形外科,26000.0,32000.0,38.0,0.0
【鼻部】【火箭军@刘虎仙】肋软骨鼻综合A 硅胶鼻背+肋软骨鼻尖鼻小柱,北京火箭军总医院整形外科,28000.0,40000.0,42.0,0.0
【鼻部】【鼻综合】【北医三院@杨欣】,北京大学第三医院整形美容外科（北医三院）,33000.0,53000.0,16.0,0.0
【硅胶隆鼻】向塌鼻say BYE BYE 写日记返现金,禾美嘉医疗整形,9800.0,19800.0,48.0,0.0
【其他】【北医三院@安阳】宽鼻（截骨） 塑造自然鼻形,北京大学第三医院整形美容外科（北医三院）,9000.0,12000.0,65.0,1.0
【隆鼻】【北医三院@安阳】驼峰鼻矫正（截骨） 还你自然美鼻,北京大学第三医院整形美容外科（北医三院）,8000.0,15000.0,37.0,2.0
【隆鼻】线雕鼻小柱 线雕隆鼻 埋线隆鼻,北京杜国玲医疗美容诊所,4800.0,12800.0,32.0,0.0
【隆鼻】完美打造立体美鼻,北京杜国玲医疗美容诊所,3800.0,16800.0,10.0,1.0
【自体软骨隆鼻】韩式网红小翘鼻 进口韩式生科+耳软骨垫鼻尖 打造安全个性小翘鼻,北京瑞妍茗医,6800.0,18800.0,0.0,0.0
【假体隆鼻】（整形硕士许聪主刀）特惠假体隆鼻3580！,北京龙泽日盛医疗美容,3580.0,9800.0,12.0,13.0
【埋线隆鼻】资深整形硕士鼻王，许聪医生金牌项目，挺翘自然，浑然天成！,北京龙泽日盛医疗美容,6800.0,12800.0,13.0,17.0
【自体软骨隆鼻】沃尔专家-赵丹【塌鼻梁】“KL隆鼻”打破注射隆鼻短期效果，不只是简单的垫高鼻梁！,北京沃尔刘彦军医疗美容诊所,36800.0,36800.0,3.0,0.0
【鼻部】火箭军@田孝臣 全鼻再造术,北京火箭军总医院整形外科,30000.0,32000.0,12.0,0.0
【鼻翼缩小】【北医三院@安阳】,北京大学第三医院整形美容外科（北医三院）,7000.0,9000.0,15.0,6.0
【隆鼻】北京基础美假体隆鼻2699元,北京基础美医疗美容医院,2699.0,3800.0,13.0,3.0
【鼻综合】【八大处@刘暾】鼻矫正整形,新氧名医汇,13200.0,22000.0,70.0,0.0
【鼻综合】【八大处 主任医生】塑造美鼻，为你的美丽保驾护航,中国医学科学院整形外科医院,18900.0,39000.0,54.0,0.0
【鼻综合】【八大处@甘承】公立三甲名医私人订制的完美鼻子,中国医学科学院整形外科医院,11726.0,14160.0,68.0,0.0
【鼻综合】鼻综合只要11050发日记还返现！,北京唐人美天医疗美容门诊部,11050.0,23100.0,10.0,7.0
【鼻部】鼻综合 写日志返现 最高可全返,北京美再生医疗美容诊所,11800.0,42000.0,47.0,0.0
【硅胶隆鼻】【假体隆鼻】 隐形隆鼻 看得到的美丽 看不到的改变,北京瑞丽舍医疗美容诊所,6800.0,16800.0,51.0,1.0
【硅胶隆鼻】高端合资假体（硅胶） 打造面部至高点,北京常好丽格医疗美容门诊部,3800.0,8800.0,37.0,1.0
【膨体隆鼻】无痕隆鼻，塌鼻翘起来！做他心目中的女神,雍禾美度医疗美容门诊部,9800.0,26800.0,47.0,1.0
【鼻综合】【武警总医院@张菡 夜精灵硅胶+ γ型软骨隆鼻尖】,北京武警总医院医疗美容整形中心,26800.0,32000.0,33.0,0.0
【硅胶隆鼻】【八大处@宗宪磊】 面部一枝花，全靠鼻当家,中国医学科学院整形外科医院,11293.0,21000.0,0.0,0.0
【硅胶隆鼻】 给您坚挺小翘鼻，写日记返五百元！！！,北京唐人美天医疗美容门诊部,3880.0,8700.0,3.0,0.0
【鼻综合】【北医三院@安阳】 综合鼻整形C   膨体隆鼻+自体耳软骨 ,北京大学第三医院整形美容外科（北医三院）,21000.0,33000.0,49.0,0.0
【硅胶隆鼻】硅胶隆鼻+耳软骨修鼻尖 多年经验院长亲自为您订制专属美鼻~日记价5000元,北京梦莱医疗美容诊所,5000.0,19800.0,50.0,0.0
【鼻综合】鹰钩鼻（Ⅰ度）矫正 上市品牌 效果保证,北京利美康岩之畔美容门诊部,8800.0,16800.0,35.0,0.0
【鼻综合】【北医三院@安阳】综合鼻整形G  膨体隆鼻+肋软骨 ,北京大学第三医院整形美容外科（北医三院）,39500.0,72000.0,70.0,16.0
【鼻部】【综合隆鼻修复】全面修复鼻形 拥有流畅美鼻,北京梦莱医疗美容诊所,39800.0,59800.0,0.0,1.0
【鼻综合】【北医三院@安阳】肋软骨隆鼻+全面部脂肪填充，打造Angelababy混血女神,北京大学第三医院整形美容外科（北医三院）,61800.0,81000.0,46.0,0.0
【自体耳软骨+硅胶隆鼻】【八大处@解芳】硅胶隆鼻+耳软骨垫鼻尖,中国医学科学院整形外科医院,12500.0,25000.0,52.0,0.0
【鼻综合】【中日友好@曾高】膨体隆鼻,卫生部中日友好医院整形外科,37000.0,45000.0,55.0,11.0
【鼻综合】【八大处 主任医生】个性定制俏丽美鼻～,中国医学科学院整形外科医院,13300.0,20000.0,47.0,0.0
【鼻综合】【中日友好@曾高】膨体+肋骨综合隆鼻,卫生部中日友好医院整形外科,35000.0,43000.0,55.0,0.0
【鼻综合】【中日友好@曾高】全肋骨隆鼻,卫生部中日友好医院整形外科,39000.0,48000.0,49.0,0.0
【鼻综合】【北医三院@安阳】综合鼻整形H ,北京大学第三医院整形美容外科（北医三院）,29800.0,46000.0,40.0,0.0
【鼻综合】【北医三院@安阳】 综合鼻整形B   自体耳软骨+硅胶隆鼻,北京大学第三医院整形美容外科（北医三院）,17500.0,27000.0,227.0,36.0
【膨体隆鼻】【北医三院@谢祥】塑造翘挺美,北京大学第三医院整形美容外科（北医三院）,9800.0,12000.0,58.0,0.0
【全面部整形】女神打造，眼、鼻、填充、套餐，写日记返现45000元，仅限10人,北京沈玲伟业医疗美容门诊部,58600.0,106800.0,82.0,0.0
【组合套餐】双眼皮+隆鼻+下巴填充，让您进入美女行列,北京沈玲伟业医疗美容门诊部,22800.0,36000.0,51.0,0.0
【鼻部】私人订制 翘挺美鼻,北京利美康岩之畔美容门诊部,238000.0,268000.0,46.0,0.0
【自体耳软骨+膨体隆鼻】【黄寺@于波】打造立体翘鼻,北京美丽有约医疗美容,14000.0,18700.0,47.0,0.0
【鼻综合】【北医三院@安阳】综合鼻整形I,北京大学第三医院整形美容外科（北医三院）,32000.0,52000.0,42.0,0.0
【膨体隆鼻】【北医三院@安阳】,北京大学第三医院整形美容外科（北医三院）,10000.0,19000.0,43.0,0.0
【鼻综合】精雕综合隆鼻 案例征集 超值体验,北京一美医疗美容诊所,12800.0,58000.0,36.0,28.0
【鼻综合】一美生态线雕隆鼻，美鼻浑然天成~,北京一美医疗美容诊所,3880.0,12800.0,38.0,0.0
【假体隆鼻】打造完美鼻型 塑造女神范儿,北京一美医疗美容诊所,3800.0,8800.0,42.0,0.0
【鼻综合】韩式隆鼻,北京济诚仁医疗美容门诊部,2999.0,3999.0,45.0,0.0
【鼻部修复】【北医三院@安阳】鼻唇裂修复,北京大学第三医院整形美容外科（北医三院）,10000.0,40000.0,42.0,0.0
【硅胶隆鼻】【北京精艺】韩式生科隆鼻 完美匹配脸颊,北京精艺吉美医疗美容,12800.0,25600.0,37.0,0.0
【鼻综合】达拉斯隆鼻,北京济诚仁医疗美容门诊部,12800.0,19800.0,40.0,0.0
【自体耳软骨+硅胶隆鼻】达拉斯综合隆鼻,北京植信诺德医疗美容,18880.0,88899.0,58.0,0.0
【硅胶隆鼻】沈玲鼻部整形，精雕细琢、独特自然美鼻,北京沈玲伟业医疗美容门诊部,5600.0,8800.0,47.0,0.0
【硅胶隆鼻】【医大空总@刘岱】单纯隆鼻术,新氧公立医生运营部,5930.0,9450.0,57.0,0.0
【自体耳软骨+硅胶隆鼻】韩式生科假体+耳软骨垫鼻尖,北京呈美医疗美容诊所,9800.0,16800.0,42.0,0.0
【硅胶隆鼻】韩式生科假体隆鼻,北京呈美医疗美容诊所,6000.0,11800.0,44.0,0.0
【鼻综合】北京精艺吉美鼻综合夏日特价,北京精艺吉美医疗美容,12000.0,38000.0,48.0,0.0
【硅胶隆鼻】【八大处 主任医生】假体隆鼻 侧面女王，高挺鼻子不是梦～,中国医学科学院整形外科医院,5700.0,8000.0,47.0,0.0
【鼻综合】【北京航天总院@堵顶云】面部一枝花 全靠鼻当家,北京航天总医院美容科,8300.0,10000.0,44.0,0.0
【鼻部修复】李炳辉院长,美憬医疗美容诊所,64500.0,98600.0,34.0,0.0
【鼻综合】鼻部精雕术,北京瑞丽舍医疗美容诊所,33000.0,48000.0,46.0,0.0
【膨体隆鼻】膨体隆鼻,北京克莱美舍张冰杰医疗美容诊所,38000.0,45000.0,40.0,0.0
【隆鼻】我们只做“真”鼻子,北京济诚仁医疗美容门诊部,39800.0,49800.0,55.0,0.0
【膨体隆鼻】进口膨体假体隆鼻,北京仁雁医疗美容门诊部,19800.0,39800.0,43.0,0.0
【自体耳软骨+膨体隆鼻】隆鼻失败修复 重塑优美鼻形,北京仁雁医疗美容门诊部,40500.0,58500.0,46.0,0.0
【自体耳软骨+硅胶隆鼻】曲线雕刻，塑造芭比生态美鼻,北京悦丽汇三里屯诊所,11999.0,32000.0,282.0,280.0
【鼻综合】芭比生态美鼻全包价,北京悦丽汇三里屯诊所,59800.0,100000.0,121.0,0.0
【鼻综合】【硅胶+耳软骨】侧脸女神从鼻部开始,北京悦丽汇三里屯诊所,9999.0,35800.0,46.0,0.0
【鼻部】【韩式生科假体隆鼻+耳软骨垫鼻尖+鼻基底缩小+鼻头缩小】精致高挺更上镜~,北京悦丽汇三里屯诊所,26800.0,49600.0,9.0,0.0
【鼻综合】个性化定制鼻综合全包价！,北京悦丽汇张自忠诊所,9999.0,12800.0,15.0,162.0
【联合治疗】全面部整形~完美套餐，女神容颜你值得拥有,北京悦丽汇张自忠诊所,59800.0,120000.0,400.0,0.0
【硅胶隆鼻】硅胶隆鼻 不怕基础差,北京悦丽汇张自忠诊所,3980.0,5800.0,2.0,0.0
【其他】奥美定祛除，找回美丽的自己,北京悦丽汇张自忠诊所,12000.0,39800.0,54.0,0.0
【硅胶隆鼻】花皇整形硅胶隆鼻  安全永久隆鼻术,北京花皇医疗美容诊所,3980.0,6980.0,45.0,0.0
